[
    {
        "uri": "parent",
        "classification": "parent",
        "description": "Train 1703667",
        "assetId": "Train 1703667",
        "parent": null,
        "isOpenable": true
    },
    {
        "uri": "parent2",
        "classification": "parent2",
        "description": "Train 1703666",
        "assetId": "Train 1703666",
        "parent": null,
        "isOpenable": true
    },
    {
        "uri": "parent3",
        "classification": "parent3",
        "description": "Train 1703665",
        "assetId": "Train 1703665",
        "parent": null,
        "isOpenable": true
    }
    
]
